{"cameraMode":{"drawMode":0,"name":"Shaded","section":"Shading Mode"},"sceneLighting":false,"audioPlay":false,"sceneViewState":{"m_AlwaysRefresh":false,"showFog":true,"showSkybox":false,"showFlares":true,"showImageEffects":true,"showParticleSystems":true,"showVisualEffectGraphs":true,"m_FxEnabled":true},"in2DMode":false,"pivot":{"x":7.158833026885986,"y":-0.06313259154558182,"z":2.359874963760376},"rotation":{"x":0.038258038461208346,"y":0.8567893505096436,"z":-0.06444873660802841,"w":0.5103959441184998},"size":2.1779239177703859,"orthographic":false}